Dataset,Instance,Algorithm,NV_mean,NV_std,NV_diff,TD_mean,TD_std,Gap%,OnTime,Time_s,NV_cv,TD_cv,NV_inflated,raw_costs,raw_nv
C1,c1_4_1,ALNS-Base,40.6,0.8,0.6,7431.05,283.17,3.9,100.0,10.1,1.97,3.81,False,7959.3627;7272.0088;7206.8114;7224.9006;7492.1620,42;40;40;40;41
C1,c1_4_1,Hybrid-Fixed,40.0,0.0,0.0,7152.06,0.0,0.0,100.0,67.0,0.0,0.0,False,7152.0566;7152.0566;7152.0566;7152.0566;7152.0566,40;40;40;40;40
C1,c1_4_1,Hybrid-Rule,40.0,0.0,0.0,7152.06,0.0,0.0,100.0,66.5,0.0,0.0,False,7152.0566;7152.0566;7152.0566;7152.0566;7152.0566,40;40;40;40;40
C1,c1_4_1,Hybrid-DDQN,40.0,0.0,0.0,7152.06,0.0,0.0,100.0,71.6,0.0,0.0,False,7152.0566;7152.0566;7152.0566;7152.0566;7152.0566,40;40;40;40;40
C1,c1_4_1,GNN-Hybrid-DDQN,40.0,0.0,0.0,7152.06,0.0,0.0,100.0,95.2,0.0,0.0,False,7152.0566;7152.0566;7152.0566;7152.0566;7152.0566,40;40;40;40;40
C1,c1_4_1,OR-Tools,,,,,,,,0.0,,,False,,
C1,c1_4_6,ALNS-Base,41.8,0.4,1.8,7745.67,79.47,8.28,100.0,11.5,0.96,1.03,False,7707.3143;7758.7864;7837.3686;7614.1526;7810.7185,42;42;42;41;42
C1,c1_4_6,Hybrid-Fixed,40.0,0.0,0.0,7153.57,0.22,0.0,100.0,98.9,0.0,0.0,False,7153.4548;7153.4548;7154.0159;7153.4548;7153.4548,40;40;40;40;40
C1,c1_4_6,Hybrid-Rule,40.0,0.0,0.0,7153.45,0.0,0.0,100.0,99.6,0.0,0.0,False,7153.4548;7153.4548;7153.4548;7153.4548;7153.4548,40;40;40;40;40
C1,c1_4_6,Hybrid-DDQN,40.0,0.0,0.0,7153.57,0.22,0.0,100.0,103.7,0.0,0.0,False,7153.4548;7154.0159;7153.4548;7153.4548;7153.4548,40;40;40;40;40
C1,c1_4_6,GNN-Hybrid-DDQN,40.0,0.0,0.0,7153.68,0.27,0.0,100.0,106.3,0.0,0.0,False,7153.4548;7154.0159;7153.4548;7154.0159;7153.4548,40;40;40;40;40
C1,c1_4_6,OR-Tools,,,,,,,,0.0,,,False,,
C1,c1_4_5,ALNS-Base,40.8,0.75,0.8,7507.9,194.77,4.98,100.0,12.0,1.83,2.59,False,7357.2919;7383.4855;7316.8532;7684.3363;7797.5255,40;40;41;42;41
C1,c1_4_5,Hybrid-Fixed,40.0,0.0,0.0,7152.06,0.0,0.0,100.0,105.6,0.0,0.0,False,7152.0566;7152.0566;7152.0566;7152.0566;7152.0566,40;40;40;40;40
C1,c1_4_5,Hybrid-Rule,40.0,0.0,0.0,7152.06,0.0,0.0,100.0,107.8,0.0,0.0,False,7152.0566;7152.0566;7152.0566;7152.0566;7152.0566,40;40;40;40;40
C1,c1_4_5,Hybrid-DDQN,40.0,0.0,0.0,7152.06,0.0,0.0,100.0,109.6,0.0,0.0,False,7152.0566;7152.0566;7152.0566;7152.0566;7152.0566,40;40;40;40;40
C1,c1_4_5,GNN-Hybrid-DDQN,40.0,0.0,0.0,7152.06,0.0,0.0,100.0,128.0,0.0,0.0,False,7152.0566;7152.0566;7152.0566;7152.0566;7152.0566,40;40;40;40;40
C1,c1_4_5,OR-Tools,,,,,,,,0.0,,,False,,
C1,c1_4_4,ALNS-Base,36.2,0.4,0.2,8086.31,573.9,18.86,100.0,14.9,1.1,7.1,False,7649.2746;7767.5295;9213.7262;7816.6184;7984.4095,36;36;36;37;36
C1,c1_4_4,Hybrid-Fixed,36.0,0.0,0.0,7886.09,174.39,15.92,100.0,110.1,0.0,2.21,False,8005.2063;7620.8580;7750.0448;7959.2945;8095.0470,36;36;36;36;36
C1,c1_4_4,Hybrid-Rule,36.0,0.0,0.0,7839.72,167.12,15.24,100.0,107.1,0.0,2.13,False,8054.6702;7613.0712;7899.0446;7679.1067;7952.6836,36;36;36;36;36
C1,c1_4_4,Hybrid-DDQN,36.0,0.0,0.0,7628.2,273.03,12.13,100.0,117.3,0.0,3.58,False,7999.3249;7528.8880;7200.0494;7584.6907;7828.0334,36;36;36;36;36
C1,c1_4_4,GNN-Hybrid-DDQN,36.0,0.0,0.0,7866.48,240.48,15.63,100.0,138.6,0.0,3.06,False,8127.0963;7628.2006;7714.3930;7673.5652;8189.1428,36;36;36;36;36
C1,c1_4_4,OR-Tools,,,,,,,,0.0,,,False,,
C1,c1_4_3,ALNS-Base,37.0,0.0,1.0,8812.5,266.47,24.81,100.0,10.4,0.0,3.02,False,8368.7982;9067.2483;8745.6753;8772.9393;9107.8353,37;37;37;37;37
C1,c1_4_3,Hybrid-Fixed,36.0,0.0,0.0,8679.03,566.52,22.92,100.0,103.4,0.0,6.53,False,8963.9941;9006.0281;8823.1753;9045.9464;7555.9959,36;36;36;36;36
C1,c1_4_3,Hybrid-Rule,36.0,0.0,0.0,8131.28,429.42,15.16,100.0,119.7,0.0,5.28,False,8062.0369;7829.2465;8757.8892;8451.2541;7555.9959,36;36;36;36;36
C1,c1_4_3,Hybrid-DDQN,36.0,0.0,0.0,8014.78,451.03,13.51,100.0,128.0,0.0,5.63,False,7783.9206;7732.6304;7833.5981;8914.3424;7809.3952,36;36;36;36;36
C1,c1_4_3,GNN-Hybrid-DDQN,36.0,0.0,0.0,8402.68,243.63,19.01,100.0,151.7,0.0,2.9,False,8458.3570;8646.4208;8045.7521;8202.0885;8660.8020,36;36;36;36;36
C1,c1_4_3,OR-Tools,,,,,,,,0.0,,,False,,
C1,c1_4_10,ALNS-Base,38.0,0.0,2.0,8159.92,556.18,18.94,100.0,14.7,0.0,6.82,False,9030.9750;7797.8835;7589.4981;7784.6360;8596.5841,38;38;38;38;38
C1,c1_4_10,Hybrid-Fixed,36.2,0.4,0.2,8130.29,279.41,18.51,100.0,131.3,1.1,3.44,False,8241.0071;8053.8642;7655.6638;8508.6173;8192.2975,36;36;37;36;36
C1,c1_4_10,Hybrid-Rule,36.2,0.4,0.2,8171.26,375.56,19.1,100.0,129.4,1.1,4.6,False,7792.5474;7971.2927;8556.9614;8688.7119;7846.7716,37;36;36;36;36
C1,c1_4_10,Hybrid-DDQN,36.0,0.0,0.0,7950.52,285.07,15.89,100.0,130.6,0.0,3.59,False,8423.8103;7869.4949;7874.5862;8037.2616;7547.4334,36;36;36;36;36
C1,c1_4_10,GNN-Hybrid-DDQN,36.0,0.0,0.0,8219.31,321.19,19.8,100.0,154.4,0.0,3.91,False,7915.7314;8588.4864;8185.3938;7825.5056;8581.4375,36;36;36;36;36
C1,c1_4_10,OR-Tools,,,,,,,,0.0,,,False,,
C1,c1_4_2,ALNS-Base,39.0,0.63,3.0,8462.66,685.44,10.1,100.0,15.5,1.62,8.1,False,7760.7887;9731.0152;8327.4042;7985.7752;8508.3268,39;38;39;40;39
C1,c1_4_2,Hybrid-Fixed,37.6,0.49,1.6,7673.9,291.95,-0.16,100.0,130.7,1.3,3.8,True,7684.3601;7359.7052;8082.0228;7900.3710;7343.0168,38;38;37;37;38
C1,c1_4_2,Hybrid-Rule,37.6,0.49,1.6,7694.6,245.65,0.11,100.0,123.2,1.3,3.19,False,7307.9999;8016.3065;7650.4206;7892.0559;7606.2049,38;37;38;37;38
C1,c1_4_2,Hybrid-DDQN,37.0,0.0,1.0,8046.96,214.62,4.69,100.0,141.7,0.0,2.67,False,7831.1598;7831.0353;7983.3503;8222.5799;8366.6884,37;37;37;37;37
C1,c1_4_2,GNN-Hybrid-DDQN,37.2,0.4,1.2,7687.6,242.71,0.02,100.0,151.8,1.08,3.16,False,8061.0435;7695.0324;7294.2049;7684.3403;7703.3765,37;37;38;37;37
C1,c1_4_2,OR-Tools,,,,,,,,0.0,,,False,,
C1,c1_4_7,ALNS-Base,40.8,0.4,1.8,7938.22,65.71,7.01,100.0,12.8,0.98,0.83,False,7906.9973;7880.6312;8065.8817;7929.8262;7907.7755,41;41;41;40;41
C1,c1_4_7,Hybrid-Fixed,40.0,0.0,1.0,7149.46,0.03,-3.62,100.0,163.6,0.0,0.0,True,7149.4865;7149.4345;7149.4345;7149.4865;7149.4345,40;40;40;40;40
C1,c1_4_7,Hybrid-Rule,40.0,0.0,1.0,7149.48,0.02,-3.62,100.0,160.1,0.0,0.0,True,7149.4865;7149.4345;7149.4865;7149.4865;7149.4865,40;40;40;40;40
C1,c1_4_7,Hybrid-DDQN,40.0,0.0,1.0,7149.46,0.03,-3.62,100.0,158.4,0.0,0.0,True,7149.4345;7149.4345;7149.4345;7149.4865;7149.4865,40;40;40;40;40
C1,c1_4_7,GNN-Hybrid-DDQN,40.0,0.0,1.0,7149.46,0.03,-3.62,100.0,189.5,0.0,0.0,True,7149.4345;7149.4345;7149.4345;7149.4865;7149.4865,40;40;40;40;40
C1,c1_4_7,OR-Tools,,,,,,,,0.0,,,False,,
C1,c1_4_8,ALNS-Base,40.0,0.63,3.0,7406.77,169.8,0.81,100.0,16.7,1.58,2.29,False,7204.2741;7339.2584;7678.4739;7294.6350;7517.2195,40;40;41;40;39
C1,c1_4_8,Hybrid-Fixed,38.2,0.4,1.2,7444.22,112.73,1.32,100.0,155.9,1.05,1.51,False,7239.2544;7560.5484;7527.2459;7470.3703;7423.6692,39;38;38;38;38
C1,c1_4_8,Hybrid-Rule,38.0,0.0,1.0,7446.41,104.73,1.35,100.0,164.3,0.0,1.41,False,7508.7488;7315.1204;7454.7415;7602.8353;7350.6139,38;38;38;38;38
C1,c1_4_8,Hybrid-DDQN,38.0,0.0,1.0,7535.22,202.7,2.56,100.0,149.7,0.0,2.69,False,7697.7058;7356.5200;7297.8864;7833.2054;7490.7995,38;38;38;38;38
C1,c1_4_8,GNN-Hybrid-DDQN,38.2,0.4,1.2,7542.08,171.74,2.65,100.0,203.4,1.05,2.28,False,7778.3577;7515.3261;7429.1719;7302.0496;7685.4761,39;38;38;38;38
C1,c1_4_8,OR-Tools,,,,,,,,0.0,,,False,,
C1,c1_4_9,ALNS-Base,38.6,0.49,2.6,9232.99,939.3,31.1,100.0,19.2,1.27,10.17,False,9153.2563;10073.0971;7644.9421;9000.7280;10292.9092,39;38;39;39;38
C1,c1_4_9,Hybrid-Fixed,37.0,0.0,1.0,7446.55,185.59,5.74,100.0,195.6,0.0,2.49,False,7611.7541;7690.8271;7324.0811;7423.5891;7182.4865,37;37;37;37;37
C1,c1_4_9,Hybrid-Rule,37.0,0.0,1.0,7477.21,173.25,6.17,100.0,192.7,0.0,2.32,False,7580.6805;7421.7173;7689.9334;7515.7627;7177.9667,37;37;37;37;37
C1,c1_4_9,Hybrid-DDQN,37.0,0.0,1.0,7612.77,137.39,8.1,100.0,197.4,0.0,1.8,False,7580.6805;7414.8592;7671.0804;7564.3655;7832.8548,37;37;37;37;37
C1,c1_4_9,GNN-Hybrid-DDQN,37.4,0.49,1.4,7426.9,291.93,5.46,100.0,201.2,1.31,3.93,False,7354.6654;7542.0206;7181.5772;7123.7733;7932.4444,38;37;37;38;37
C1,c1_4_9,OR-Tools,,,,,,,,0.0,,,False,,
C2,c2_4_1,ALNS-Base,13.0,0.0,1.0,4454.81,149.09,8.23,100.0,9.4,0.0,3.35,False,4442.2878;4466.3826;4725.4109;4345.1159;4294.8303,13;13;13;13;13
C2,c2_4_1,Hybrid-Fixed,12.0,0.0,0.0,4116.21,0.09,0.0,100.0,198.0,0.0,0.0,False,4116.1389;4116.1389;4116.3291;4116.1389;4116.3291,12;12;12;12;12
C2,c2_4_1,Hybrid-Rule,12.0,0.0,0.0,4116.18,0.08,0.0,100.0,201.2,0.0,0.0,False,4116.1389;4116.1389;4116.3291;4116.1389;4116.1389,12;12;12;12;12
C2,c2_4_1,Hybrid-DDQN,12.0,0.0,0.0,4116.29,0.08,0.01,100.0,198.9,0.0,0.0,False,4116.3291;4116.1389;4116.3291;4116.3291;4116.3291,12;12;12;12;12
C2,c2_4_1,GNN-Hybrid-DDQN,12.0,0.0,0.0,4116.21,0.09,0.0,100.0,199.1,0.0,0.0,False,4116.3291;4116.1389;4116.1389;4116.1389;4116.3291,12;12;12;12;12
C2,c2_4_1,OR-Tools,,,,,,,,0.0,,,False,,
C2,c2_4_10,ALNS-Base,12.2,0.4,1.2,4620.39,316.48,20.77,100.0,11.7,3.28,6.85,False,4624.3904;4299.5367;4667.3704;4331.5268;5179.1219,12;12;12;13;12
C2,c2_4_10,Hybrid-Fixed,12.0,0.0,1.0,3865.02,82.28,1.03,100.0,242.2,0.0,2.13,False,3832.7124;3798.1567;3883.9778;3793.8597;4016.3952,12;12;12;12;12
C2,c2_4_10,Hybrid-Rule,12.0,0.0,1.0,3866.27,84.58,1.06,100.0,241.3,0.0,2.19,False,3832.7124;3798.1567;3883.9778;3793.8597;4022.6343,12;12;12;12;12
C2,c2_4_10,Hybrid-DDQN,12.0,0.0,1.0,3859.74,85.47,0.89,100.0,240.6,0.0,2.21,False,3771.3481;3810.8074;3966.6934;3790.0122;3959.8160,12;12;12;12;12
C2,c2_4_10,GNN-Hybrid-DDQN,12.0,0.0,1.0,3871.88,30.83,1.21,100.0,240.6,0.0,0.8,False,3830.3094;3869.2992;3853.6597;3922.3158;3883.7938,12;12;12;12;12
C2,c2_4_10,OR-Tools,,,,,,,,0.0,,,False,,
C2,c2_4_2,ALNS-Base,12.0,0.0,0.0,4683.66,188.79,19.18,100.0,11.6,0.0,4.03,False,4698.1862;4957.0778;4556.4071;4410.7908;4795.8490,12;12;12;12;12
C2,c2_4_2,Hybrid-Fixed,12.0,0.0,0.0,3951.24,13.01,0.54,100.0,236.5,0.0,0.33,False,3946.6939;3954.4998;3970.8924;3930.6501;3953.4484,12;12;12;12;12
C2,c2_4_2,Hybrid-Rule,12.0,0.0,0.0,3953.28,13.96,0.6,100.0,236.4,0.0,0.35,False,3946.6939;3954.4998;3970.8924;3930.6501;3963.6685,12;12;12;12;12
C2,c2_4_2,Hybrid-DDQN,12.0,0.0,0.0,3959.82,20.8,0.76,100.0,236.6,0.0,0.53,False,3934.2486;3943.2156;3992.0346;3973.3619;3956.2247,12;12;12;12;12
C2,c2_4_2,GNN-Hybrid-DDQN,12.0,0.0,0.0,3985.24,14.47,1.41,100.0,240.1,0.0,0.36,False,4003.3611;3965.7461;3987.7485;3997.5701;3971.7955,12;12;12;12;12
C2,c2_4_2,OR-Tools,,,,,,,,0.0,,,False,,
C2,c2_4_3,ALNS-Base,12.0,0.0,1.0,4798.57,113.71,19.43,100.0,10.8,0.0,2.37,False,4770.4851;4938.5209;4915.0422;4732.5885;4636.2331,12;12;12;12;12
C2,c2_4_3,Hybrid-Fixed,12.0,0.0,1.0,3891.66,32.35,-3.14,100.0,242.0,0.0,0.83,True,3874.8256;3887.0566;3952.6229;3886.5842;3857.2309,12;12;12;12;12
C2,c2_4_3,Hybrid-Rule,12.0,0.0,1.0,3891.66,32.35,-3.14,100.0,241.4,0.0,0.83,True,3874.8256;3887.0566;3952.6229;3886.5842;3857.2309,12;12;12;12;12
C2,c2_4_3,Hybrid-DDQN,12.0,0.0,1.0,3900.45,60.81,-2.93,100.0,240.6,0.0,1.56,True,3924.3711;3834.4642;4006.0009;3882.9197;3854.4909,12;12;12;12;12
C2,c2_4_3,GNN-Hybrid-DDQN,12.0,0.0,1.0,3997.93,126.41,-0.5,100.0,241.0,0.0,3.16,True,3935.0628;4193.5233;4085.9820;3834.8211;3940.2535,12;12;12;12;12
C2,c2_4_3,OR-Tools,,,,,,,,0.0,,,False,,
C2,c2_4_4,ALNS-Base,12.0,0.0,1.0,4493.75,179.31,21.37,100.0,13.7,0.0,3.99,False,4624.1667;4280.9292;4692.6528;4596.9246;4274.0966,12;12;12;12;12
C2,c2_4_4,Hybrid-Fixed,12.0,0.0,1.0,3943.73,40.44,6.52,100.0,241.7,0.0,1.03,False,3941.9645;3870.6583;3958.7002;3953.4428;3993.9050,12;12;12;12;12
C2,c2_4_4,Hybrid-Rule,12.0,0.0,1.0,3943.73,40.44,6.52,100.0,243.2,0.0,1.03,False,3941.9645;3870.6583;3958.7002;3953.4428;3993.9050,12;12;12;12;12
C2,c2_4_4,Hybrid-DDQN,12.0,0.0,1.0,3897.86,54.28,5.28,100.0,241.9,0.0,1.39,False,3944.6872;3879.6699;3815.0130;3880.9644;3968.9888,12;12;12;12;12
C2,c2_4_4,GNN-Hybrid-DDQN,12.0,0.0,1.0,3761.21,100.9,1.59,100.0,243.6,0.0,2.68,False,3734.0080;3732.1468;3687.8678;3692.7192;3959.3144,12;12;12;12;12
C2,c2_4_4,OR-Tools,,,,,,,,0.0,,,False,,
C2,c2_4_5,ALNS-Base,13.0,0.0,1.0,4509.4,156.94,14.49,100.0,10.4,0.0,3.48,False,4382.6160;4441.1311;4601.5302;4350.3583;4771.3821,13;13;13;13;13
C2,c2_4_5,Hybrid-Fixed,12.0,0.0,0.0,3963.67,23.25,0.63,100.0,237.2,0.0,0.59,False,3946.2419;3955.3696;3946.7768;4008.8205;3961.1496,12;12;12;12;12
C2,c2_4_5,Hybrid-Rule,12.0,0.0,0.0,3965.32,22.13,0.68,100.0,239.9,0.0,0.56,False,3958.1719;3955.3696;3946.7768;4008.8205;3957.4572,12;12;12;12;12
C2,c2_4_5,Hybrid-DDQN,12.2,0.4,0.2,3968.21,33.98,0.75,100.0,233.4,3.28,0.86,False,3966.2103;3946.2247;3950.3985;4034.3588;3943.8660,12;12;12;13;12
C2,c2_4_5,GNN-Hybrid-DDQN,12.0,0.0,0.0,4048.43,187.72,2.79,100.0,238.0,0.0,4.64,False,3954.4197;3949.5069;4423.7234;3950.2152;3964.2791,12;12;12;12;12
C2,c2_4_5,OR-Tools,,,,,,,,0.0,,,False,,
R1,r1_4_1,ALNS-Base,40.0,0.0,0.0,12291.03,371.02,18.5,100.0,14.2,0.0,3.02,False,11816.4221;12851.0551;11951.6414;12449.3029;12386.7112,40;40;40;40;40
R1,r1_4_1,Hybrid-Fixed,40.0,0.0,0.0,10881.85,82.49,4.91,100.0,156.6,0.0,0.76,False,10754.0072;10832.0854;10990.6829;10893.9650;10938.5193,40;40;40;40;40
R1,r1_4_1,Hybrid-Rule,40.0,0.0,0.0,10871.96,78.87,4.82,100.0,157.5,0.0,0.73,False,10762.0558;10811.9879;10990.6829;10893.9650;10901.1065,40;40;40;40;40
R1,r1_4_1,Hybrid-DDQN,40.0,0.0,0.0,10878.07,54.01,4.88,100.0,156.7,0.0,0.5,False,10918.0410;10795.5967;10842.7138;10886.1675;10947.8543,40;40;40;40;40
R1,r1_4_1,GNN-Hybrid-DDQN,40.0,0.0,0.0,10859.23,47.9,4.69,100.0,182.8,0.0,0.44,False,10913.2889;10820.3185;10845.2853;10917.1051;10800.1394,40;40;40;40;40
R1,r1_4_1,OR-Tools,,,,,,,,0.0,,,False,,
C2,c2_4_6,ALNS-Base,13.0,0.0,1.0,4555.19,197.08,17.52,100.0,10.4,0.0,4.33,False,4308.7468;4696.2856;4336.7413;4635.1644;4799.0031,13;13;13;13;13
C2,c2_4_6,Hybrid-Fixed,12.4,0.49,0.4,3968.47,57.81,2.39,100.0,240.4,3.95,1.46,False,3952.8757;4052.8942;3906.9519;4017.3626;3912.2420,12;13;12;13;12
C2,c2_4_6,Hybrid-Rule,12.4,0.49,0.4,3988.43,84.48,2.9,100.0,240.4,3.95,2.12,False,3952.8757;4050.5399;3906.9519;4121.7526;3910.0149,12;13;12;13;12
C2,c2_4_6,Hybrid-DDQN,12.2,0.4,0.2,3935.74,47.63,1.54,100.0,240.3,3.28,1.21,False,3951.2800;3937.8181;3893.9541;4015.1175;3880.5257,12;12;12;13;12
C2,c2_4_6,GNN-Hybrid-DDQN,12.2,0.4,0.2,3946.29,57.23,1.82,100.0,240.5,3.28,1.45,False,3894.4015;3926.2166;3882.4979;4013.8722;4014.4549,12;12;12;12;13
C2,c2_4_6,OR-Tools,,,,,,,,0.0,,,False,,
C2,c2_4_7,ALNS-Base,13.0,0.0,1.0,4619.61,138.16,18.63,100.0,10.0,0.0,2.99,False,4502.2416;4806.2078;4683.0849;4683.6612;4422.8502,13;13;13;13;13
C2,c2_4_7,Hybrid-Fixed,12.6,0.49,0.6,4029.0,72.24,3.46,100.0,241.2,3.89,1.79,False,3999.1042;3924.7786;4001.6150;4093.1583;4126.3285,12;12;13;13;13
C2,c2_4_7,Hybrid-Rule,12.6,0.49,0.6,4029.0,72.24,3.46,100.0,240.3,3.89,1.79,False,3999.1042;3924.7786;4001.6150;4093.1583;4126.3285,12;12;13;13;13
C2,c2_4_7,Hybrid-DDQN,12.6,0.49,0.6,4101.0,186.88,5.31,100.0,240.7,3.89,4.56,False,4065.7996;3949.2564;3986.6283;4037.3289;4466.0001,13;12;13;13;12
C2,c2_4_7,GNN-Hybrid-DDQN,12.4,0.49,0.4,3990.35,38.01,2.47,100.0,240.5,3.95,0.95,False,3929.4923;4012.1418;3962.4075;4020.9609;4026.7706,12;12;12;13;13
C2,c2_4_7,OR-Tools,,,,,,,,0.0,,,False,,
C2,c2_4_8,ALNS-Base,12.6,0.49,1.6,4520.09,190.26,6.78,100.0,10.3,3.89,4.21,False,4223.5385;4492.2082;4759.9337;4687.2306;4437.5546,12;13;12;13;13
C2,c2_4_8,Hybrid-Fixed,12.0,0.0,1.0,3940.01,95.51,-6.93,100.0,242.2,0.0,2.42,True,3930.0023;3900.3613;3892.5598;3852.6078;4124.5419,12;12;12;12;12
C2,c2_4_8,Hybrid-Rule,12.0,0.0,1.0,3922.94,102.0,-7.33,100.0,241.3,0.0,2.6,True,3852.7891;3900.3613;3865.7838;3871.2093;4124.5419,12;12;12;12;12
C2,c2_4_8,Hybrid-DDQN,12.0,0.0,1.0,4257.22,532.96,0.57,100.0,240.8,0.0,12.52,False,5265.2996;3926.4563;3879.6016;3875.9633;4338.7929,12;12;12;12;12
C2,c2_4_8,GNN-Hybrid-DDQN,12.2,0.4,1.2,4061.81,167.11,-4.05,100.0,241.1,3.28,4.11,True,3960.2755;4289.3284;4034.7684;3822.6948;4201.9877,13;12;12;12;12
C2,c2_4_8,OR-Tools,,,,,,,,0.0,,,False,,
C2,c2_4_9,ALNS-Base,13.0,0.0,1.0,4840.3,116.72,25.24,100.0,10.9,0.0,2.41,False,4649.6336;4929.0476;4954.3703;4907.7046;4760.7586,13;13;13;13;13
C2,c2_4_9,Hybrid-Fixed,12.8,0.4,0.8,3977.89,33.02,2.93,100.0,240.3,3.12,0.83,False,3985.5183;3939.7826;3972.0922;3955.7357;4036.3390,13;13;13;12;13
C2,c2_4_9,Hybrid-Rule,12.8,0.4,0.8,4037.31,147.82,4.47,100.0,240.9,3.12,3.66,False,3964.3333;3939.7826;3923.3911;4322.6889;4036.3390,13;13;13;12;13
C2,c2_4_9,Hybrid-DDQN,13.0,0.0,1.0,3970.85,60.35,2.75,100.0,241.1,0.0,1.52,False,3906.5873;3910.9717;3960.6110;4011.9805;4064.1159,13;13;13;13;13
C2,c2_4_9,GNN-Hybrid-DDQN,13.0,0.0,1.0,4024.22,40.99,4.13,100.0,241.0,0.0,1.02,False,4019.5671;4007.0683;4097.5831;4024.6375;3972.2447,13;13;13;13;13
C2,c2_4_9,OR-Tools,,,,,,,,0.0,,,False,,
R1,r1_4_10,ALNS-Base,36.6,0.49,0.6,9571.44,768.77,18.25,100.0,10.8,1.34,8.03,False,8905.8386;8865.2322;10402.4698;9074.8928;10608.7886,37;37;36;37;36
R1,r1_4_10,Hybrid-Fixed,36.0,0.0,0.0,9263.64,205.74,14.45,100.0,102.3,0.0,2.22,False,9332.1299;9551.1510;9376.1563;8998.7456;9060.0237,36;36;36;36;36
R1,r1_4_10,Hybrid-Rule,36.0,0.0,0.0,9235.7,86.83,14.1,100.0,104.5,0.0,0.94,False,9309.2528;9071.9011;9246.8412;9242.0526;9308.4378,36;36;36;36;36
R1,r1_4_10,Hybrid-DDQN,36.0,0.0,0.0,9367.93,167.74,15.74,100.0,125.8,0.0,1.79,False,9395.9860;9551.1510;9512.2861;9084.6243;9295.6167,36;36;36;36;36
R1,r1_4_10,GNN-Hybrid-DDQN,36.0,0.0,0.0,9676.82,246.05,19.55,100.0,176.9,0.0,2.54,False,9600.1759;9582.2838;9688.0843;9385.9946;10127.5843,36;36;36;36;36
R1,r1_4_10,OR-Tools,,,,,,,,0.0,,,False,,
R1,r1_4_2,ALNS-Base,36.4,0.49,0.4,12287.94,903.03,38.1,100.0,11.8,1.35,7.35,False,12497.4734;13202.4849;13267.2906;11349.5078;11122.9186,36;36;36;37;37
R1,r1_4_2,Hybrid-Fixed,36.0,0.0,0.0,11190.07,549.09,25.76,100.0,132.0,0.0,4.91,False,11492.4447;10576.2055;12102.3732;11004.6793;10774.6660,36;36;36;36;36
R1,r1_4_2,Hybrid-Rule,36.0,0.0,0.0,11280.63,298.76,26.77,100.0,182.7,0.0,2.65,False,11492.4447;10861.3146;10989.0744;11440.5314;11619.7776,36;36;36;36;36
R1,r1_4_2,Hybrid-DDQN,36.0,0.0,0.0,10832.38,382.87,21.74,100.0,151.4,0.0,3.53,False,11136.0931;11134.3720;11040.6903;10721.0043;10129.7226,36;36;36;36;36
R1,r1_4_2,GNN-Hybrid-DDQN,36.0,0.0,0.0,10720.69,458.93,20.48,100.0,129.0,0.0,4.28,False,11128.5960;11109.3908;10609.0939;9883.9557;10872.3900,36;36;36;36;36
R1,r1_4_2,OR-Tools,,,,,,,,0.0,,,False,,
R1,r1_4_3,ALNS-Base,36.0,0.0,0.0,10105.34,274.46,29.42,100.0,29.1,0.0,2.72,False,9915.2121;9976.3454;10357.3607;10498.1211;9779.6636,36;36;36;36;36
R1,r1_4_3,Hybrid-Fixed,36.0,0.0,0.0,9340.13,233.58,19.62,100.0,143.3,0.0,2.5,False,9249.9804;9418.9792;9231.4013;9746.1363;9054.1487,36;36;36;36;36
R1,r1_4_3,Hybrid-Rule,36.0,0.0,0.0,9424.8,154.24,20.7,100.0,132.2,0.0,1.64,False,9249.9804;9616.7470;9259.3259;9580.1027;9417.8342,36;36;36;36;36
R1,r1_4_3,Hybrid-DDQN,36.0,0.0,0.0,8989.74,205.84,15.13,100.0,104.3,0.0,2.29,False,9249.9804;8758.4179;9130.8981;8737.0344;9072.3606,36;36;36;36;36
R1,r1_4_3,GNN-Hybrid-DDQN,36.0,0.0,0.0,8943.19,44.03,14.53,100.0,148.4,0.0,0.49,False,8958.2003;9019.1635;8898.9463;8901.8681;8937.7568,36;36;36;36;36
R1,r1_4_3,OR-Tools,,,,,,,,0.0,,,False,,
R1,r1_4_4,ALNS-Base,36.0,0.0,0.0,8507.02,169.0,16.81,100.0,31.4,0.0,1.99,False,8748.2833;8452.6610;8650.7084;8285.4038;8398.0209,36;36;36;36;36
R1,r1_4_4,Hybrid-Fixed,36.0,0.0,0.0,8198.39,246.03,12.57,100.0,165.7,0.0,3.0,False,7986.0648;8159.7544;8081.9612;8677.9062;8086.2431,36;36;36;36;36
R1,r1_4_4,Hybrid-Rule,36.0,0.0,0.0,8202.89,203.66,12.63,100.0,137.9,0.0,2.48,False,7986.0648;8144.3710;8081.9612;8579.6540;8222.3846,36;36;36;36;36
R1,r1_4_4,Hybrid-DDQN,36.0,0.0,0.0,8079.57,93.78,10.94,100.0,135.1,0.0,1.16,False,7989.5850;8173.7995;8053.0717;7976.5738;8204.7983,36;36;36;36;36
R1,r1_4_4,GNN-Hybrid-DDQN,36.0,0.0,0.0,8068.27,84.81,10.79,100.0,157.5,0.0,1.05,False,8115.7003;8057.9424;8048.1378;7931.2119;8188.3446,36;36;36;36;36
R1,r1_4_4,OR-Tools,,,,,,,,0.0,,,False,,
R1,r1_4_6,ALNS-Base,36.4,0.49,0.4,11195.96,972.52,33.94,100.0,19.0,1.35,8.69,False,12772.3914;10597.4111;10275.5674;10447.2104;11887.2136,36;36;37;37;36
R1,r1_4_6,Hybrid-Fixed,36.0,0.0,0.0,9997.08,400.36,19.6,100.0,98.4,0.0,4.0,False,10024.8080;9295.6999;10428.2355;10334.4614;9902.2172,36;36;36;36;36
R1,r1_4_6,Hybrid-Rule,36.0,0.0,0.0,9908.16,328.83,18.54,100.0,96.9,0.0,3.32,False,10429.1747;9485.0861;9878.8903;10082.3624;9665.2696,36;36;36;36;36
R1,r1_4_6,Hybrid-DDQN,36.0,0.0,0.0,9960.08,294.96,19.16,100.0,89.7,0.0,2.96,False,9860.7078;9526.8928;10428.2355;10082.3624;9902.2172,36;36;36;36;36
R1,r1_4_6,GNN-Hybrid-DDQN,36.0,0.0,0.0,10084.54,299.22,20.65,100.0,135.9,0.0,2.97,False,10391.7177;9942.6840;10490.1976;9852.0736;9746.0187,36;36;36;36;36
R1,r1_4_6,OR-Tools,,,,,,,,0.0,,,False,,
R1,r1_4_7,ALNS-Base,36.0,0.0,0.0,9687.82,449.76,27.2,100.0,23.2,0.0,4.64,False,9087.9703;10291.4642;9345.7542;10094.6260;9619.2643,36;36;36;36;36
R1,r1_4_7,Hybrid-Fixed,36.0,0.0,0.0,8856.36,208.13,16.28,100.0,85.6,0.0,2.35,False,9079.7801;8825.9981;8533.4052;9084.1306;8758.4946,36;36;36;36;36
R1,r1_4_7,Hybrid-Rule,36.0,0.0,0.0,8734.73,218.75,14.69,100.0,90.3,0.0,2.5,False,9069.0282;8521.8242;8533.4052;8913.3382;8636.0582,36;36;36;36;36
R1,r1_4_7,Hybrid-DDQN,36.0,0.0,0.0,8749.69,192.95,14.88,100.0,96.8,0.0,2.21,False,9079.7801;8610.0851;8533.4052;8689.8496;8835.3527,36;36;36;36;36
R1,r1_4_7,GNN-Hybrid-DDQN,36.0,0.0,0.0,8648.16,85.36,13.55,100.0,133.9,0.0,0.99,False,8778.5975;8718.3918;8554.7449;8592.2582;8596.8172,36;36;36;36;36
R1,r1_4_7,OR-Tools,,,,,,,,0.0,,,False,,
R1,r1_4_5,ALNS-Base,37.0,0.0,1.0,10090.89,192.08,9.41,100.0,31.5,0.0,1.9,False,9806.3086;9979.6084;10328.4480;10275.2512;10064.8174,37;37;37;37;37
R1,r1_4_5,Hybrid-Fixed,36.0,0.0,0.0,10961.5,606.62,18.85,100.0,199.7,0.0,5.53,False,10860.6317;9964.9129;10798.0775;11678.4246;11505.4764,36;36;36;36;36
R1,r1_4_5,Hybrid-Rule,36.0,0.0,0.0,11497.16,617.45,24.66,100.0,162.0,0.0,5.37,False,10457.5019;12230.9913;11910.2943;11678.4246;11208.5687,36;36;36;36;36
R1,r1_4_5,Hybrid-DDQN,36.0,0.0,0.0,11147.79,627.58,20.87,100.0,152.9,0.0,5.63,False,11951.3857;10053.0326;11291.4855;11005.3118;11437.7152,36;36;36;36;36
R1,r1_4_5,GNN-Hybrid-DDQN,36.0,0.0,0.0,10958.48,622.5,18.82,100.0,149.1,0.0,5.68,False,10727.4996;10189.4965;12090.5211;10856.3642;10928.5228,36;36;36;36;36
R1,r1_4_5,OR-Tools,,,,,,,,0.0,,,False,,
R1,r1_4_8,ALNS-Base,36.0,0.0,0.0,8414.45,234.75,15.94,100.0,24.1,0.0,2.79,False,8458.9061;8848.4519;8231.0254;8330.2789;8203.5662,36;36;36;36;36
R1,r1_4_8,Hybrid-Fixed,36.0,0.0,0.0,8075.24,99.28,11.27,100.0,129.1,0.0,1.23,False,8190.8491;8123.7383;8049.2794;7898.1176;8114.2371,36;36;36;36;36
R1,r1_4_8,Hybrid-Rule,36.0,0.0,0.0,8060.83,121.85,11.07,100.0,128.7,0.0,1.51,False,8190.8491;7834.2223;8049.2794;8115.5394;8114.2371,36;36;36;36;36
R1,r1_4_8,Hybrid-DDQN,36.0,0.0,0.0,7944.65,109.59,9.47,100.0,128.4,0.0,1.38,False,7901.2261;8109.4262;7785.5414;7913.6119;8013.4574,36;36;36;36;36
R1,r1_4_8,GNN-Hybrid-DDQN,36.0,0.0,0.0,8110.02,153.02,11.75,100.0,158.5,0.0,1.89,False,8156.5450;7943.5385;8328.5094;8192.2915;7929.2214,36;36;36;36;36
R1,r1_4_8,OR-Tools,,,,,,,,0.0,,,False,,
R1,r1_4_9,ALNS-Base,36.8,0.4,0.8,9838.29,487.63,13.15,100.0,12.1,1.09,4.96,False,9556.2126;10782.8775;9672.4980;9407.9431;9771.9212,37;36;37;37;37
R1,r1_4_9,Hybrid-Fixed,36.0,0.0,0.0,9752.45,346.9,12.16,100.0,133.3,0.0,3.56,False,9562.3615;10374.7454;9437.0762;9883.8378;9504.2457,36;36;36;36;36
R1,r1_4_9,Hybrid-Rule,36.0,0.0,0.0,10130.5,604.7,16.51,100.0,119.2,0.0,5.97,False,11240.5076;9644.4759;10210.9916;9548.7295;10007.7791,36;36;36;36;36
R1,r1_4_9,Hybrid-DDQN,36.0,0.0,0.0,10795.5,536.74,24.16,100.0,117.7,0.0,4.97,False,11240.5076;9862.9140;10550.7741;11012.1942;11311.1095,36;36;36;36;36
R1,r1_4_9,GNN-Hybrid-DDQN,36.0,0.0,0.0,10553.9,695.74,21.38,100.0,177.5,0.0,6.59,False,11343.7557;10997.5965;10286.3212;9342.4166;10799.3856,36;36;36;36;36
R1,r1_4_9,OR-Tools,,,,,,,,0.0,,,False,,
R2,r2_4_1,ALNS-Base,9.0,0.0,1.0,9901.32,108.44,7.5,100.0,11.6,0.0,1.1,False,10099.3883;9808.9045;9797.4549;9911.3749;9889.4750,9;9;9;9;9
R2,r2_4_1,Hybrid-Fixed,9.0,0.0,1.0,9241.65,90.83,0.34,100.0,241.1,0.0,0.98,False,9322.3664;9100.0464;9313.8665;9167.4215;9304.5705,9;9;9;9;9
R2,r2_4_1,Hybrid-Rule,9.0,0.0,1.0,9232.25,85.12,0.24,100.0,240.8,0.0,0.92,False,9322.3664;9100.0464;9266.8386;9167.4215;9304.5705,9;9;9;9;9
R2,r2_4_1,Hybrid-DDQN,8.8,0.4,0.8,9249.71,185.41,0.43,100.0,240.9,4.55,2.0,False,9206.8851;9087.6093;9594.3430;9267.1762;9092.5468,9;9;8;9;9
R2,r2_4_1,GNN-Hybrid-DDQN,9.0,0.0,1.0,9264.98,80.09,0.6,100.0,240.9,0.0,0.86,False,9296.2116;9129.9329;9370.7675;9235.1471;9292.8162,9;9;9;9;9
R2,r2_4_1,OR-Tools,,,,,,,,0.0,,,False,,
R2,r2_4_10,ALNS-Base,8.0,0.0,0.0,6654.48,104.78,15.27,100.0,12.9,0.0,1.57,False,6787.4470;6471.1952;6662.6017;6712.0593;6639.0777,8;8;8;8;8
R2,r2_4_10,Hybrid-Fixed,8.0,0.0,0.0,6208.74,61.44,7.54,100.0,240.7,0.0,0.99,False,6180.5181;6152.1273;6229.1843;6162.2456;6319.6211,8;8;8;8;8
R2,r2_4_10,Hybrid-Rule,8.0,0.0,0.0,6191.03,33.2,7.24,100.0,240.8,0.0,0.54,False,6180.5181;6152.1273;6229.1843;6162.2456;6231.0620,8;8;8;8;8
R2,r2_4_10,Hybrid-DDQN,8.0,0.0,0.0,6227.74,77.09,7.87,100.0,240.7,0.0,1.24,False,6173.1906;6269.9143;6116.7188;6239.3654;6339.5297,8;8;8;8;8
R2,r2_4_10,GNN-Hybrid-DDQN,8.0,0.0,0.0,6159.37,43.67,6.69,100.0,243.6,0.0,0.71,False,6097.7194;6126.2221;6164.8852;6221.6022;6186.4235,8;8;8;8;8
R2,r2_4_10,OR-Tools,,,,,,,,0.0,,,False,,
R2,r2_4_2,ALNS-Base,8.0,0.0,0.0,8819.13,110.58,15.94,100.0,13.0,0.0,1.25,False,8801.5608;8921.5707;8957.3070;8651.1658;8764.0281,8;8;8;8;8
R2,r2_4_2,Hybrid-Fixed,8.0,0.0,0.0,8031.22,78.62,5.58,100.0,240.1,0.0,0.98,False,8174.8580;7964.4645;8056.1632;7982.5996;7978.0129,8;8;8;8;8
R2,r2_4_2,Hybrid-Rule,8.0,0.0,0.0,8031.22,78.62,5.58,100.0,239.5,0.0,0.98,False,8174.8580;7964.4645;8056.1632;7982.5996;7978.0129,8;8;8;8;8
R2,r2_4_2,Hybrid-DDQN,8.0,0.0,0.0,8002.21,93.95,5.2,100.0,241.0,0.0,1.17,False,8160.1958;8059.8075;7945.4660;7919.5996;7925.9575,8;8;8;8;8
R2,r2_4_2,GNN-Hybrid-DDQN,8.0,0.0,0.0,8031.37,75.8,5.58,100.0,224.2,0.0,0.94,False,7920.5604;8154.7952;8024.8825;8004.3026;8052.3213,8;8;8;8;8
R2,r2_4_2,OR-Tools,,,,,,,,0.0,,,False,,
R2,r2_4_3,ALNS-Base,8.0,0.0,0.0,7045.93,162.23,19.2,100.0,15.9,0.0,2.3,False,6755.3241;7073.6980;7184.8385;7009.4111;7206.3803,8;8;8;8;8
R2,r2_4_3,Hybrid-Fixed,8.0,0.0,0.0,6321.45,107.65,6.94,100.0,245.2,0.0,1.7,False,6451.2084;6208.2657;6445.2854;6211.8874;6290.5871,8;8;8;8;8
R2,r2_4_3,Hybrid-Rule,8.0,0.0,0.0,6365.9,97.11,7.69,100.0,242.9,0.0,1.53,False,6451.2084;6430.5223;6445.2854;6211.8874;6290.5871,8;8;8;8;8
R2,r2_4_3,Hybrid-DDQN,8.0,0.0,0.0,6345.3,101.67,7.35,100.0,243.1,0.0,1.6,False,6309.9791;6313.3930;6390.2106;6510.0002;6202.8954,8;8;8;8;8
R2,r2_4_3,GNN-Hybrid-DDQN,8.0,0.0,0.0,6353.0,29.71,7.48,100.0,241.7,0.0,0.47,False,6342.2302;6400.1748;6328.1971;6373.5494;6320.8321,8;8;8;8;8
R2,r2_4_3,OR-Tools,,,,,,,,0.0,,,False,,
R2,r2_4_4,ALNS-Base,8.0,0.0,0.0,4925.08,111.32,16.12,100.0,26.6,0.0,2.26,False,4845.3271;4813.7336;4967.4295;5122.6258;4876.2986,8;8;8;8;8
R2,r2_4_4,Hybrid-Fixed,8.0,0.0,0.0,4600.13,65.5,8.46,100.0,241.9,0.0,1.42,False,4568.6244;4689.8935;4636.0975;4610.7548;4495.2741,8;8;8;8;8
R2,r2_4_4,Hybrid-Rule,8.0,0.0,0.0,4595.28,59.28,8.34,100.0,241.8,0.0,1.29,False,4568.6244;4665.6622;4636.0975;4610.7548;4495.2741,8;8;8;8;8
R2,r2_4_4,Hybrid-DDQN,8.0,0.0,0.0,4663.94,26.36,9.96,100.0,241.7,0.0,0.57,False,4684.7919;4632.4952;4697.1744;4634.0368;4671.2002,8;8;8;8;8
R2,r2_4_4,GNN-Hybrid-DDQN,8.0,0.0,0.0,4646.47,119.39,9.55,100.0,244.7,0.0,2.57,False,4826.1641;4546.0976;4651.5177;4716.7809;4491.7668,8;8;8;8;8
R2,r2_4_4,OR-Tools,,,,,,,,0.0,,,False,,
R2,r2_4_5,ALNS-Base,8.0,0.0,0.0,8215.52,149.87,15.26,100.0,11.5,0.0,1.82,False,8419.0167;8290.9687;8229.1477;8174.6688;7963.8201,8;8;8;8;8
R2,r2_4_5,Hybrid-Fixed,8.0,0.0,0.0,7535.84,103.41,5.72,100.0,241.5,0.0,1.37,False,7450.8322;7700.0728;7614.5359;7439.5364;7474.2053,8;8;8;8;8
R2,r2_4_5,Hybrid-Rule,8.0,0.0,0.0,7533.3,101.58,5.69,100.0,240.7,0.0,1.35,False,7450.8322;7700.0728;7601.8535;7439.5364;7474.2053,8;8;8;8;8
R2,r2_4_5,Hybrid-DDQN,8.0,0.0,0.0,7633.95,53.86,7.1,100.0,240.6,0.0,0.71,False,7688.6202;7638.8007;7692.7520;7552.0718;7597.4980,8;8;8;8;8
R2,r2_4_5,GNN-Hybrid-DDQN,8.0,0.0,0.0,7556.53,110.18,6.01,100.0,241.0,0.0,1.46,False,7444.1780;7619.7767;7742.5907;7481.5447;7494.5818,8;8;8;8;8
R2,r2_4_5,OR-Tools,,,,,,,,0.0,,,False,,
R2,r2_4_6,ALNS-Base,8.0,0.0,0.0,7165.69,100.31,17.04,100.0,13.4,0.0,1.4,False,7078.7556;7086.0820;7149.7502;7355.6908;7158.1695,8;8;8;8;8
R2,r2_4_6,Hybrid-Fixed,8.0,0.0,0.0,6541.93,80.7,6.85,100.0,241.3,0.0,1.23,False,6439.9821;6456.3408;6561.4879;6639.1248;6612.7281,8;8;8;8;8
R2,r2_4_6,Hybrid-Rule,8.0,0.0,0.0,6541.93,80.7,6.85,100.0,241.5,0.0,1.23,False,6439.9821;6456.3408;6561.4879;6639.1248;6612.7281,8;8;8;8;8
R2,r2_4_6,Hybrid-DDQN,8.0,0.0,0.0,6615.11,49.0,8.04,100.0,242.5,0.0,0.74,False,6639.5537;6645.0474;6592.5254;6668.1138;6530.3001,8;8;8;8;8
R2,r2_4_6,GNN-Hybrid-DDQN,8.0,0.0,0.0,6572.29,29.24,7.34,100.0,242.6,0.0,0.44,False,6587.5839;6598.7778;6577.0848;6515.6008;6582.3952,8;8;8;8;8
R2,r2_4_6,OR-Tools,,,,,,,,0.0,,,False,,
RC1,rc1_4_1,ALNS-Base,38.6,0.49,2.6,9314.96,123.56,8.68,100.0,16.3,1.27,1.33,False,9253.2834;9103.4466;9405.9036;9367.9335;9444.2304,38;38;39;39;39
RC1,rc1_4_1,Hybrid-Fixed,37.0,0.0,1.0,9230.04,170.76,7.69,100.0,135.9,0.0,1.85,False,9184.7829;9514.1544;9262.2343;8982.1427;9206.8751,37;37;37;37;37
RC1,rc1_4_1,Hybrid-Rule,37.0,0.0,1.0,9089.9,94.51,6.05,100.0,131.6,0.0,1.04,False,9112.2569;9094.9372;9239.9492;8946.9721;9055.4021,37;37;37;37;37
RC1,rc1_4_1,Hybrid-DDQN,37.2,0.4,1.2,8985.26,140.66,4.83,100.0,141.0,1.08,1.57,False,8945.8488;9136.0169;9163.8757;8858.9426;8821.6173,38;37;37;37;37
RC1,rc1_4_1,GNN-Hybrid-DDQN,37.2,0.4,1.2,9018.03,138.32,5.21,100.0,131.4,1.08,1.53,False,8900.3246;9055.1670;9074.2290;8834.0342;9226.3881,37;38;37;37;37
RC1,rc1_4_1,OR-Tools,,,,,,,,0.0,,,False,,
RC1,rc1_4_10,ALNS-Base,37.0,0.0,1.0,8570.94,147.52,12.83,100.0,17.0,0.0,1.72,False,8520.2000;8669.1936;8762.8082;8575.9937;8326.5023,37;37;37;37;37
RC1,rc1_4_10,Hybrid-Fixed,36.0,0.0,0.0,8558.39,251.55,12.67,100.0,145.6,0.0,2.94,False,8729.2354;8944.2169;8464.3213;8221.0733;8433.1192,36;36;36;36;36
RC1,rc1_4_10,Hybrid-Rule,36.0,0.0,0.0,8673.03,196.22,14.18,100.0,146.7,0.0,2.26,False,8729.2354;8944.2169;8464.3213;8794.2472;8433.1192,36;36;36;36;36
RC1,rc1_4_10,Hybrid-DDQN,36.0,0.0,0.0,8708.8,301.36,14.65,100.0,147.1,0.0,3.46,False,8729.2354;8371.8280;9215.5673;8794.2472;8433.1192,36;36;36;36;36
RC1,rc1_4_10,GNN-Hybrid-DDQN,36.0,0.0,0.0,8857.69,166.98,16.61,100.0,168.7,0.0,1.89,False,9083.0679;8935.3924;8859.9413;8570.9458;8839.1102,36;36;36;36;36
RC1,rc1_4_10,OR-Tools,,,,,,,,0.0,,,False,,
RC1,rc1_4_2,ALNS-Base,37.0,0.0,1.0,9209.35,157.82,16.68,100.0,20.4,0.0,1.71,False,9373.1234;9033.4300;9158.8934;9064.2217;9417.0958,37;37;37;37;37
RC1,rc1_4_2,Hybrid-Fixed,36.0,0.0,0.0,9511.08,149.02,20.51,100.0,152.7,0.0,1.57,False,9582.8144;9533.9434;9694.6009;9500.5204;9243.5334,36;36;36;36;36
RC1,rc1_4_2,Hybrid-Rule,36.0,0.0,0.0,9282.33,234.97,17.61,100.0,150.9,0.0,2.53,False,9156.6123;9507.8973;9440.9403;9427.6836;8878.5071,36;36;36;36;36
RC1,rc1_4_2,Hybrid-DDQN,36.0,0.0,0.0,9458.24,279.71,19.84,100.0,154.4,0.0,2.96,False,9597.8899;8979.1013;9323.3019;9770.8183;9620.1117,36;36;36;36;36
RC1,rc1_4_2,GNN-Hybrid-DDQN,36.0,0.0,0.0,9230.94,364.9,16.96,100.0,156.5,0.0,3.95,False,8882.2302;9790.5977;9540.1736;8972.1889;8969.4919,36;36;36;36;36
RC1,rc1_4_2,OR-Tools,,,,,,,,0.0,,,False,,
RC1,rc1_4_3,ALNS-Base,36.6,0.49,0.6,9322.11,570.14,23.75,100.0,9.5,1.34,6.12,False,8892.1422;10206.3379;9778.9468;8998.5183;8734.6077,37;36;36;37;37
RC1,rc1_4_3,Hybrid-Fixed,36.0,0.0,0.0,9267.5,326.11,23.02,100.0,114.1,0.0,3.52,False,9364.4136;9623.7081;9518.6204;9120.8468;8709.9337,36;36;36;36;36
RC1,rc1_4_3,Hybrid-Rule,36.0,0.0,0.0,9132.61,288.15,21.23,100.0,112.1,0.0,3.16,False,9364.4136;8949.2297;9518.6204;9120.8468;8709.9337,36;36;36;36;36
RC1,rc1_4_3,Hybrid-DDQN,36.0,0.0,0.0,9055.87,266.59,20.22,100.0,116.4,0.0,2.94,False,9492.6355;8949.2297;8675.4405;9141.1484;9020.9080,36;36;36;36;36
RC1,rc1_4_3,GNN-Hybrid-DDQN,36.0,0.0,0.0,9110.61,450.3,20.94,100.0,138.0,0.0,4.94,False,9009.3335;8533.3528;9498.5518;8767.2060;9744.5910,36;36;36;36;36
RC1,rc1_4_3,OR-Tools,,,,,,,,0.0,,,False,,
R2,r2_4_7,ALNS-Base,8.0,0.0,0.0,5810.13,121.83,15.77,100.0,18.3,0.0,2.1,False,5840.3646;5705.1705;5918.0242;5635.2888;5951.8034,8;8;8;8;8
R2,r2_4_7,Hybrid-Fixed,8.0,0.0,0.0,5408.7,117.36,7.77,100.0,240.9,0.0,2.17,False,5273.0704;5456.5184;5381.0777;5609.1781;5323.6475,8;8;8;8;8
R2,r2_4_7,Hybrid-Rule,8.0,0.0,0.0,5408.7,117.36,7.77,100.0,241.0,0.0,2.17,False,5273.0704;5456.5184;5381.0777;5609.1781;5323.6475,8;8;8;8;8
R2,r2_4_7,Hybrid-DDQN,8.0,0.0,0.0,5476.7,110.54,9.13,100.0,242.4,0.0,2.02,False,5566.8788;5459.7981;5633.6460;5333.7790;5389.4008,8;8;8;8;8
R2,r2_4_7,GNN-Hybrid-DDQN,8.0,0.0,0.0,5366.29,74.0,6.93,100.0,243.6,0.0,1.38,False,5297.5528;5396.6381;5488.2015;5365.6274;5283.4186,8;8;8;8;8
R2,r2_4_7,OR-Tools,,,,,,,,0.0,,,False,,
R2,r2_4_9,ALNS-Base,8.0,0.0,0.0,7426.03,249.78,16.03,100.0,11.1,0.0,3.36,False,7211.5269;7203.7315;7890.6294;7400.1856;7424.0878,8;8;8;8;8
R2,r2_4_9,Hybrid-Fixed,8.0,0.0,0.0,6768.74,43.99,5.76,100.0,241.3,0.0,0.65,False,6793.8853;6763.2060;6835.7591;6744.9996;6705.8287,8;8;8;8;8
R2,r2_4_9,Hybrid-Rule,8.0,0.0,0.0,6768.74,43.99,5.76,100.0,240.8,0.0,0.65,False,6793.8853;6763.2060;6835.7591;6744.9996;6705.8287,8;8;8;8;8
R2,r2_4_9,Hybrid-DDQN,8.0,0.0,0.0,6770.93,45.42,5.79,100.0,240.9,0.0,0.67,False,6757.4138;6851.4475;6782.9069;6717.5452;6745.3400,8;8;8;8;8
R2,r2_4_9,GNN-Hybrid-DDQN,8.0,0.0,0.0,6727.26,25.94,5.11,100.0,242.5,0.0,0.39,False,6743.1383;6737.2541;6691.0604;6703.7240;6761.1389,8;8;8;8;8
R2,r2_4_9,OR-Tools,,,,,,,,0.0,,,False,,
R2,r2_4_8,ALNS-Base,8.0,0.0,0.0,4748.67,149.76,18.26,100.0,29.5,0.0,3.15,False,4538.5475;4791.0478;4841.1552;4620.7551;4951.8507,8;8;8;8;8
R2,r2_4_8,Hybrid-Fixed,8.0,0.0,0.0,4340.23,74.83,8.08,100.0,241.7,0.0,1.72,False,4455.0540;4382.7018;4241.5298;4283.0934;4338.7839,8;8;8;8;8
R2,r2_4_8,Hybrid-Rule,8.0,0.0,0.0,4322.3,82.1,7.64,100.0,242.0,0.0,1.9,False,4474.0729;4274.0198;4241.5298;4283.0934;4338.7839,8;8;8;8;8
R2,r2_4_8,Hybrid-DDQN,8.0,0.0,0.0,4282.91,70.82,6.66,100.0,242.3,0.0,1.65,False,4310.7397;4191.9747;4247.5213;4261.7160;4402.6143,8;8;8;8;8
R2,r2_4_8,GNN-Hybrid-DDQN,8.0,0.0,0.0,4273.25,61.63,6.42,100.0,242.8,0.0,1.44,False,4195.0519;4330.3483;4281.2623;4210.9787;4348.5966,8;8;8;8;8
R2,r2_4_8,OR-Tools,,,,,,,,0.0,,,False,,
RC1,rc1_4_4,ALNS-Base,36.2,0.4,0.2,9762.68,800.19,33.58,100.0,10.5,1.1,8.2,False,8278.4208;10022.7943;10107.7244;9741.0155;10663.4241,37;36;36;36;36
RC1,rc1_4_4,Hybrid-Fixed,36.0,0.0,0.0,8271.99,208.99,13.18,100.0,109.5,0.0,2.53,False,8464.2189;8547.9646;8070.2190;8018.2005;8259.3556,36;36;36;36;36
RC1,rc1_4_4,Hybrid-Rule,36.0,0.0,0.0,8320.61,157.93,13.85,100.0,113.1,0.0,1.9,False,8474.1995;8547.9646;8187.0076;8174.6938;8219.1603,36;36;36;36;36
RC1,rc1_4_4,Hybrid-DDQN,36.0,0.0,0.0,8302.61,170.82,13.6,100.0,114.4,0.0,2.06,False,8464.2189;8547.9646;8152.5605;8129.1270;8219.1603,36;36;36;36;36
RC1,rc1_4_4,GNN-Hybrid-DDQN,36.0,0.0,0.0,8184.9,141.44,11.99,100.0,99.1,0.0,1.73,False,8098.6827;8406.6564;8078.5599;8044.4250;8296.1567,36;36;36;36;36
RC1,rc1_4_4,OR-Tools,,,,,,,,0.0,,,False,,
RC1,rc1_4_5,ALNS-Base,37.8,0.4,1.8,9477.04,312.37,15.96,100.0,19.8,1.06,3.3,False,9908.5360;9426.9346;9755.5182;9191.3699;9102.8402,38;38;37;38;38
RC1,rc1_4_5,Hybrid-Fixed,36.0,0.0,0.0,10076.09,353.71,23.29,100.0,91.4,0.0,3.51,False,10107.9777;9598.3949;10097.4044;10679.3559;9897.3370,36;36;36;36;36
RC1,rc1_4_5,Hybrid-Rule,36.2,0.4,0.2,9584.71,510.77,17.28,100.0,112.5,1.1,5.33,False,8654.9713;9518.1688;9736.1828;10174.1378;9840.1021,37;36;36;36;36
RC1,rc1_4_5,Hybrid-DDQN,36.2,0.4,0.2,9455.41,440.08,15.7,100.0,111.2,1.1,4.65,False,9708.2202;9440.9855;9845.9072;8614.6610;9667.2561,36;36;36;37;36
RC1,rc1_4_5,GNN-Hybrid-DDQN,36.4,0.49,0.4,9625.1,587.36,17.77,100.0,170.9,1.35,6.1,False,10173.0817;8836.9560;9940.3367;10179.7238;8995.3773,36;37;36;36;37
RC1,rc1_4_5,OR-Tools,,,,,,,,0.0,,,False,,
RC1,rc1_4_6,ALNS-Base,37.6,0.49,1.6,9302.05,162.67,13.93,100.0,20.5,1.3,1.75,False,9159.0430;9123.3620;9342.3754;9303.6009;9581.8709,38;38;38;37;37
RC1,rc1_4_6,Hybrid-Fixed,36.2,0.4,0.2,9871.94,506.85,20.91,100.0,112.6,1.1,5.13,False,10458.3177;10073.1104;8929.6159;9938.2652;9960.4117,36;36;37;36;36
RC1,rc1_4_6,Hybrid-Rule,36.2,0.4,0.2,9844.15,456.92,20.57,100.0,130.0,1.1,4.64,False,9813.4014;8995.4146;10008.5959;10060.4618;10342.8836,36;37;36;36;36
RC1,rc1_4_6,Hybrid-DDQN,36.4,0.49,0.4,9326.67,370.99,14.23,100.0,124.0,1.35,3.98,False,9645.0634;8986.2092;9326.0958;9823.0843;8852.9064,36;37;36;36;37
RC1,rc1_4_6,GNN-Hybrid-DDQN,36.2,0.4,0.2,9712.81,590.36,18.96,100.0,142.7,1.1,6.08,False,8601.1769;9938.8084;9667.2968;10077.7676;10279.0097,37;36;36;36;36
RC1,rc1_4_6,OR-Tools,,,,,,,,0.0,,,False,,
RC1,rc1_4_8,ALNS-Base,37.0,0.0,1.0,8999.58,335.93,15.79,100.0,22.1,0.0,3.73,False,9611.3147;8602.4327;8923.3548;8838.4051;9022.4051,37;37;37;37;37
RC1,rc1_4_8,Hybrid-Fixed,36.0,0.0,0.0,9238.51,359.33,18.86,100.0,134.4,0.0,3.89,False,9421.2844;9556.3690;9336.6489;9340.5452;8537.7147,36;36;36;36;36
RC1,rc1_4_8,Hybrid-Rule,36.0,0.0,0.0,9389.54,93.16,20.8,100.0,138.1,0.0,0.99,False,9421.2844;9556.3690;9336.6489;9340.5452;9292.8317,36;36;36;36;36
RC1,rc1_4_8,Hybrid-DDQN,36.0,0.0,0.0,9009.48,405.88,15.91,100.0,134.2,0.0,4.5,False,9392.3022;9285.6806;8491.1432;9340.5452;8537.7147,36;36;36;36;36
RC1,rc1_4_8,GNN-Hybrid-DDQN,36.0,0.0,0.0,9367.29,366.27,20.52,100.0,99.9,0.0,3.91,False,9456.6738;9619.1970;9687.4928;9409.3682;8663.7067,36;36;36;36;36
RC1,rc1_4_8,OR-Tools,,,,,,,,0.0,,,False,,
RC1,rc1_4_7,ALNS-Base,37.0,0.0,1.0,9467.34,313.29,19.11,100.0,22.1,0.0,3.31,False,9753.5306;9528.4294;9117.4546;9844.6030;9092.6925,37;37;37;37;37
RC1,rc1_4_7,Hybrid-Fixed,36.0,0.0,0.0,9490.92,103.23,19.41,100.0,123.5,0.0,1.09,False,9483.5177;9331.6144;9647.5528;9455.5534;9536.3775,36;36;36;36;36
RC1,rc1_4_7,Hybrid-Rule,36.0,0.0,0.0,9668.11,357.72,21.63,100.0,136.8,0.0,3.7,False,9483.5177;9641.1949;9323.7414;10353.4298;9538.6780,36;36;36;36;36
RC1,rc1_4_7,Hybrid-DDQN,36.0,0.0,0.0,9591.49,69.86,20.67,100.0,125.6,0.0,0.73,False,9483.5177;9641.1949;9668.2754;9628.0879;9536.3775,36;36;36;36;36
RC1,rc1_4_7,GNN-Hybrid-DDQN,36.0,0.0,0.0,9589.26,159.09,20.64,100.0,172.0,0.0,1.66,False,9557.5432;9607.7070;9643.8929;9814.9199;9322.2457,36;36;36;36;36
RC1,rc1_4_7,OR-Tools,,,,,,,,0.0,,,False,,
RC1,rc1_4_9,ALNS-Base,37.0,0.0,1.0,8772.53,151.9,13.44,100.0,22.5,0.0,1.73,False,8727.5788;8544.8921;9012.8222;8748.3134;8829.0521,37;37;37;37;37
RC1,rc1_4_9,Hybrid-Fixed,36.0,0.0,0.0,9027.55,143.53,16.74,100.0,147.9,0.0,1.59,False,8850.9535;9202.6092;8968.7359;8923.7593;9191.6902,36;36;36;36;36
RC1,rc1_4_9,Hybrid-Rule,36.0,0.0,0.0,9183.2,147.13,18.75,100.0,147.1,0.0,1.6,False,9425.4605;9202.6092;8968.7359;9127.4996;9191.6902,36;36;36;36;36
RC1,rc1_4_9,Hybrid-DDQN,36.0,0.0,0.0,9179.22,148.84,18.7,100.0,148.8,0.0,1.62,False,9425.4605;9202.6092;8968.7359;9107.6135;9191.6902,36;36;36;36;36
RC1,rc1_4_9,GNN-Hybrid-DDQN,36.0,0.0,0.0,8901.31,177.55,15.1,100.0,173.0,0.0,1.99,False,8960.1136;9108.5809;9034.6618;8618.9682;8784.2255,36;36;36;36;36
RC1,rc1_4_9,OR-Tools,,,,,,,,0.0,,,False,,
RC2,rc2_4_1,ALNS-Base,12.8,0.4,1.8,7160.74,138.92,7.16,100.0,11.2,3.12,1.94,False,7236.5695;7059.9258;7400.3605;7061.2622;7045.5717,12;13;13;13;13
RC2,rc2_4_1,Hybrid-Fixed,13.0,0.0,2.0,6619.78,81.55,-0.94,100.0,240.6,0.0,1.23,True,6638.9998;6588.8962;6516.5380;6762.8747;6591.5932,13;13;13;13;13
RC2,rc2_4_1,Hybrid-Rule,13.0,0.0,2.0,6640.37,48.71,-0.63,100.0,240.5,0.0,0.73,True,6721.9239;6588.8962;6651.7212;6647.6985;6591.5932,13;13;13;13;13
RC2,rc2_4_1,Hybrid-DDQN,12.8,0.4,1.8,8368.6,3585.08,25.23,100.0,240.5,3.12,42.84,False,6665.7010;6542.7221;6558.1924;6538.2193;15538.1536,13;13;13;13;12
RC2,rc2_4_1,GNN-Hybrid-DDQN,12.6,0.49,1.6,6747.51,187.85,0.97,100.0,240.6,3.89,2.78,False,6608.9050;6595.6808;6608.7402;7068.9141;6855.3097,13;13;13;12;12
RC2,rc2_4_1,OR-Tools,,,,,,,,0.0,,,False,,
RC2,rc2_4_10,ALNS-Base,8.0,0.0,0.0,5225.6,98.18,22.13,100.0,17.1,0.0,1.88,False,5092.7094;5276.2702;5253.7532;5366.0344;5139.2339,8;8;8;8;8
RC2,rc2_4_10,Hybrid-Fixed,8.0,0.0,0.0,4626.58,53.06,8.13,100.0,240.7,0.0,1.15,False,4704.1117;4540.1812;4644.6415;4611.2403;4632.7239,8;8;8;8;8
RC2,rc2_4_10,Hybrid-Rule,8.0,0.0,0.0,4626.58,53.06,8.13,100.0,240.6,0.0,1.15,False,4704.1117;4540.1812;4644.6415;4611.2403;4632.7239,8;8;8;8;8
RC2,rc2_4_10,Hybrid-DDQN,8.0,0.0,0.0,4680.7,123.85,9.4,100.0,240.6,0.0,2.65,False,4438.0269;4785.0670;4715.3936;4719.6248;4745.4053,8;8;8;8;8
RC2,rc2_4_10,GNN-Hybrid-DDQN,8.0,0.0,0.0,4589.04,52.95,7.26,100.0,244.2,0.0,1.15,False,4506.3618;4667.3352;4604.3412;4603.0287;4564.1260,8;8;8;8;8
RC2,rc2_4_10,OR-Tools,,,,,,,,0.0,,,False,,
RC2,rc2_4_2,ALNS-Base,12.0,0.0,3.0,6339.05,133.56,2.56,100.0,12.9,0.0,2.11,False,6555.6248;6140.4127;6354.4312;6354.3012;6290.4552,12;12;12;12;12
RC2,rc2_4_2,Hybrid-Fixed,10.4,0.49,1.4,6406.55,331.7,3.66,100.0,240.9,4.71,5.18,False,6066.1441;6622.4420;6340.4354;6074.6104;6929.1380,11;10;10;11;10
RC2,rc2_4_2,Hybrid-Rule,10.4,0.49,1.4,6273.04,209.23,1.5,100.0,240.8,4.71,3.34,False,5956.3726;6528.5846;6316.3911;6121.8187;6442.0138,11;10;10;11;10
RC2,rc2_4_2,Hybrid-DDQN,10.4,0.49,1.4,6333.07,345.47,2.47,100.0,241.2,4.71,5.46,False,5842.6800;6682.5351;6659.5936;6005.4199;6475.1095,11;10;10;11;10
RC2,rc2_4_2,GNN-Hybrid-DDQN,11.4,0.49,2.4,7212.27,2673.66,16.69,100.0,241.1,4.3,37.07,False,6068.3622;5818.0917;12555.2787;5875.2029;5744.3904,11;12;11;11;12
RC2,rc2_4_2,OR-Tools,,,,,,,,0.0,,,False,,
RC2,rc2_4_3,ALNS-Base,9.0,0.0,1.0,5520.8,159.44,11.96,100.0,18.6,0.0,2.89,False,5564.0580;5404.6536;5384.0998;5814.1314;5437.0749,9;9;9;9;9
RC2,rc2_4_3,Hybrid-Fixed,9.0,0.0,1.0,5161.77,57.32,4.68,100.0,241.2,0.0,1.11,False,5226.9054;5056.8342;5178.5341;5155.5375;5191.0299,9;9;9;9;9
RC2,rc2_4_3,Hybrid-Rule,9.0,0.0,1.0,5219.34,101.58,5.85,100.0,240.8,0.0,1.95,False,5097.8502;5224.6574;5178.5341;5404.6532;5191.0299,9;9;9;9;9
RC2,rc2_4_3,Hybrid-DDQN,8.8,0.4,0.8,5182.83,131.65,5.11,100.0,241.0,4.55,2.54,False,4968.2968;5160.2461;5380.3056;5215.8137;5189.4680,9;9;8;9;9
RC2,rc2_4_3,GNN-Hybrid-DDQN,8.2,0.4,0.2,10863.17,2953.51,120.31,100.0,237.0,4.88,27.19,False,5259.5546;13682.2423;10737.6544;12222.4690;12413.9474,8;8;9;8;8
RC2,rc2_4_3,OR-Tools,,,,,,,,0.0,,,False,,
RC2,rc2_4_4,ALNS-Base,8.0,0.0,0.0,4310.11,58.61,18.7,100.0,25.6,0.0,1.36,False,4245.0029;4348.3764;4265.4532;4287.0319;4404.6940,8;8;8;8;8
RC2,rc2_4_4,Hybrid-Fixed,8.0,0.0,0.0,3900.53,69.4,7.42,100.0,242.0,0.0,1.78,False,3839.9818;3931.3270;3968.9732;3797.4248;3964.9406,8;8;8;8;8
RC2,rc2_4_4,Hybrid-Rule,8.0,0.0,0.0,3900.53,69.4,7.42,100.0,242.3,0.0,1.78,False,3839.9818;3931.3270;3968.9732;3797.4248;3964.9406,8;8;8;8;8
RC2,rc2_4_4,Hybrid-DDQN,8.0,0.0,0.0,3944.72,85.41,8.64,100.0,240.8,0.0,2.17,False,3975.2279;3924.8273;3900.5765;3833.7336;4089.2125,8;8;8;8;8
RC2,rc2_4_4,GNN-Hybrid-DDQN,8.0,0.0,0.0,3890.54,42.8,7.15,100.0,243.7,0.0,1.1,False,3862.3270;3945.0733;3939.7581;3860.3132;3845.2496,8;8;8;8;8
RC2,rc2_4_4,OR-Tools,,,,,,,,0.0,,,False,,
RC2,rc2_4_5,ALNS-Base,11.0,0.0,3.0,6426.73,87.81,-4.17,100.0,11.6,0.0,1.37,True,6401.4816;6342.7835;6596.1036;6410.2089;6383.0578,11;11;11;11;11
RC2,rc2_4_5,Hybrid-Fixed,10.0,0.0,2.0,6185.26,51.25,-7.77,100.0,240.9,0.0,0.83,True,6251.0507;6193.9040;6226.1217;6141.9650;6113.2634,10;10;10;10;10
RC2,rc2_4_5,Hybrid-Rule,10.0,0.0,2.0,6276.38,71.31,-6.41,100.0,241.0,0.0,1.14,True,6341.8537;6379.7655;6207.0407;6245.2085;6208.0455,10;10;10;10;10
RC2,rc2_4_5,Hybrid-DDQN,10.0,0.0,2.0,6244.46,108.54,-6.89,100.0,241.1,0.0,1.74,True,6423.4619;6244.1418;6229.3858;6244.0521;6081.2653,10;10;10;10;10
RC2,rc2_4_5,GNN-Hybrid-DDQN,10.4,0.8,2.4,7338.83,2760.85,9.43,100.0,241.6,7.69,37.62,False,5924.5019;5906.5162;5919.5448;6084.5782;12858.9914,11;11;11;10;9
RC2,rc2_4_5,OR-Tools,,,,,,,,0.0,,,False,,
RC2,rc2_4_6,ALNS-Base,10.0,0.0,2.0,6385.3,192.97,10.73,100.0,11.0,0.0,3.02,False,6386.2343;6133.2299;6697.5996;6246.9194;6462.5203,10;10;10;10;10
RC2,rc2_4_6,Hybrid-Fixed,9.0,0.0,1.0,6050.25,94.12,4.92,100.0,240.8,0.0,1.56,False,6117.4327;6002.6233;5996.7779;5936.6892;6197.7434,9;9;9;9;9
RC2,rc2_4_6,Hybrid-Rule,9.0,0.0,1.0,6036.6,52.18,4.68,100.0,240.8,0.0,0.86,False,6070.7139;6058.3210;6035.8477;5936.7369;6081.3739,9;9;9;9;9
RC2,rc2_4_6,Hybrid-DDQN,9.0,0.0,1.0,6029.85,56.51,4.56,100.0,240.8,0.0,0.94,False,6059.0927;6077.0269;5965.7899;5957.6845;6089.6321,9;9;9;9;9
RC2,rc2_4_6,GNN-Hybrid-DDQN,9.2,0.4,1.2,7612.29,3107.46,32.01,100.0,240.1,4.35,40.82,False,6368.1795;5797.9685;6086.5972;5992.3718;13816.3383,9;10;9;9;9
RC2,rc2_4_6,OR-Tools,,,,,,,,0.0,,,False,,
RC2,rc2_4_7,ALNS-Base,9.0,0.0,1.0,6138.36,128.14,15.06,100.0,13.0,0.0,2.09,False,6186.2659;6317.1587;5927.4475;6090.3138;6170.5962,9;9;9;9;9
RC2,rc2_4_7,Hybrid-Fixed,9.0,0.0,1.0,5603.58,91.75,5.04,100.0,241.1,0.0,1.64,False,5463.9442;5527.9911;5689.9798;5644.2975;5691.6703,9;9;9;9;9
RC2,rc2_4_7,Hybrid-Rule,9.0,0.0,1.0,5642.22,72.4,5.76,100.0,240.7,0.0,1.28,False,5711.9074;5527.9911;5721.9148;5650.4972;5598.7885,9;9;9;9;9
RC2,rc2_4_7,Hybrid-DDQN,8.8,0.4,0.8,6875.76,2649.53,28.89,100.0,241.9,4.55,38.53,False,5476.6239;12173.3395;5511.3628;5662.7698;5554.7172,9;8;9;9;9
RC2,rc2_4_7,GNN-Hybrid-DDQN,8.2,0.4,0.2,5757.96,108.95,7.93,100.0,228.7,4.88,1.89,False,5599.5052;5882.9160;5713.7539;5879.4379;5714.1910,9;8;8;8;8
RC2,rc2_4_7,OR-Tools,,,,,,,,0.0,,,False,,
RC2,rc2_4_8,ALNS-Base,8.0,0.0,0.0,5577.39,50.92,16.43,100.0,13.5,0.0,0.91,False,5502.6440;5557.9409;5655.0498;5606.0777;5565.2488,8;8;8;8;8
RC2,rc2_4_8,Hybrid-Fixed,8.0,0.0,0.0,5139.71,23.3,7.3,100.0,240.8,0.0,0.45,False,5155.8248;5151.5918;5132.2165;5161.4641;5097.4676,8;8;8;8;8
RC2,rc2_4_8,Hybrid-Rule,8.0,0.0,0.0,5103.74,48.94,6.55,100.0,240.5,0.0,0.96,False,5155.8248;5151.5918;5067.3239;5029.3840;5114.5794,8;8;8;8;8
RC2,rc2_4_8,Hybrid-DDQN,8.0,0.0,0.0,5038.78,65.14,5.19,100.0,237.4,0.0,1.29,False,5150.2873;4981.1526;4967.7587;5059.0087;5035.6987,8;8;8;8;8
RC2,rc2_4_8,GNN-Hybrid-DDQN,8.0,0.0,0.0,5106.3,61.27,6.6,100.0,203.9,0.0,1.2,False,5107.3755;4988.9188;5138.1706;5134.2240;5162.8184,8;8;8;8;8
RC2,rc2_4_8,OR-Tools,,,,,,,,0.0,,,False,,
RC2,rc2_4_9,ALNS-Base,8.0,0.0,0.0,5479.61,105.43,20.4,100.0,15.6,0.0,1.92,False,5575.9096;5416.2706;5301.4381;5552.5116;5551.9215,8;8;8;8;8
RC2,rc2_4_9,Hybrid-Fixed,8.0,0.0,0.0,4981.49,42.38,9.46,100.0,240.8,0.0,0.85,False,4956.8000;5040.9211;5020.3443;4962.2682;4927.0944,8;8;8;8;8
RC2,rc2_4_9,Hybrid-Rule,8.0,0.0,0.0,4927.53,63.63,8.27,100.0,240.4,0.0,1.29,False,4931.3705;4965.0424;5017.8880;4830.2001;4893.1350,8;8;8;8;8
RC2,rc2_4_9,Hybrid-DDQN,8.0,0.0,0.0,4771.51,43.82,4.84,100.0,239.8,0.0,0.92,False,4808.6409;4816.9821;4705.5780;4792.0871;4734.2781,8;8;8;8;8
RC2,rc2_4_9,GNN-Hybrid-DDQN,8.0,0.0,0.0,4864.21,35.97,6.88,100.0,206.0,0.0,0.74,False,4837.3803;4885.8465;4916.4121;4867.6505;4813.7706,8;8;8;8;8
RC2,rc2_4_9,OR-Tools,,,,,,,,0.0,,,False,,
